user_id,item_id,event_type,timestamp
61ee4695-2777-4ecd-985b-dbad7e1b345f,13,access,1146464499
cfd9ebf8-0308-40c3-aad7-689fe11dd780,3,access,1146524394
e0f68e41-1a73-4500-82ce-14cc31ced683,26,access,1146525719
45517f41-abdd-4ac1-bf6b-49a5cce4a277,15,access,1146545397
0c742747-0e71-4b5c-8339-52fea0f42a2b,2,access,1146582563
395ce3d2-8009-4b63-adff-4fb987312849,39,access,1146640322
395ce3d2-8009-4b63-adff-4fb987312849,33,access,1146656788
d396f9c2-554d-4c95-b26f-8759bbd8bc8a,39,access,1146657494
8b6f5fca-779e-42f4-878d-aa19d0ce1bf0,31,access,1146657935
7723fe9e-44a7-4062-906e-8cbc1ca85db5,41,access,1146703275
23ce7657-e25c-423a-9e83-689dc0bda150,43,access,1146705427
4c4e8e4f-8525-4b79-b873-edbb1097bfea,46,access,1146709993
64ff29f4-1dc2-4682-b587-502acc7fab15,37,access,1146715762
04ef046f-694d-4369-8e97-bdd8cf280b6a,7,access,1146718604
ebf9125f-e050-42ef-a3d9-7832875463c0,11,access,1146736328
5e1b8044-1197-4e28-9333-7f1cfd8dc2cf,47,access,1146738636
7657cae9-74d6-4dfc-acc8-d454a76584f9,29,access,1146762200
945b1eef-9be7-4b70-b5ae-1c41b9120997,50,access,1146769200
f2246956-b279-4e6e-bc0a-2d4e79d37d87,29,access,1146871658
e9013cd4-e60c-4038-a25a-cb19b029931a,22,access,1146903077
9ed0a522-dc39-4533-aa70-74858a8f78bb,50,access,1146923572
4df7dd5f-a5ef-4027-ae1f-9b7feb5947d3,22,access,1146934779
33b994dc-9bf2-4295-93c5-5f08c2373189,18,access,1147006924
18106f41-664a-4092-a0e2-080209f884c6,2,access,1147008583
edf0bed6-0536-4b4a-9dea-49b7faa05498,38,access,1147114806
a172daeb-bbdb-48a5-a4db-b5e6015e862a,50,access,1147148011
133233b7-6e06-4bf4-b291-4c9b7cb4d161,31,access,1147168508
b91c0455-d5a1-4240-8e73-890b7c601b0a,6,access,1147222856
e15be9c2-e844-462f-9550-34fcb4f196e4,15,access,1147233522
2c57c82f-b957-46d6-bd57-e77f1ba38926,29,access,1147309476
2fc4ed3c-09dc-458a-b78e-3c30e485ba94,39,access,1147371267
3f2250e8-fcdb-47e4-93c4-84b08df89a6e,27,access,1147378789
8af17140-359a-45d0-8d56-713ea5fed8e1,17,access,1147383037
31a2f1f4-ba14-4b48-949d-00064f64ca4a,20,access,1147448546
33b994dc-9bf2-4295-93c5-5f08c2373189,10,access,1147456821
04ef046f-694d-4369-8e97-bdd8cf280b6a,23,access,1147462261
727f70f1-6993-4194-8404-a61494686f19,15,access,1147484454
c82c7391-f211-4885-80d0-2dadb41cd65b,33,access,1147493494
cfd9ebf8-0308-40c3-aad7-689fe11dd780,47,access,1147502288
23ce7657-e25c-423a-9e83-689dc0bda150,38,access,1147536868
19154276-5a70-480d-a269-c097326664ff,41,access,1147559004
64ff29f4-1dc2-4682-b587-502acc7fab15,3,access,1147562178
e2a384f3-ede8-4a0f-9244-3404fe85520d,48,access,1147593699
98f9f32d-94e9-43a6-9ac0-b5003fbf64ab,37,access,1147611715
78a0e726-f707-45a7-b86b-44228702b34c,44,access,1147623310
727f70f1-6993-4194-8404-a61494686f19,9,access,1147632772
9900e798-b2c8-4482-b593-56cddc61a7a3,13,access,1147639368
edf0bed6-0536-4b4a-9dea-49b7faa05498,11,access,1147676637
e0f68e41-1a73-4500-82ce-14cc31ced683,24,access,1147692195
69919223-3477-402b-bd94-af5d360a09b8,32,access,1147729086
77198012-9c4e-4c0d-87af-ae9e6b39722a,17,access,1147765466
ebf9125f-e050-42ef-a3d9-7832875463c0,33,access,1147768645
d396f9c2-554d-4c95-b26f-8759bbd8bc8a,39,access,1147780163
a4e6fe74-81f6-447f-a1a5-0ced0b25fb55,12,access,1147815033
7657cae9-74d6-4dfc-acc8-d454a76584f9,47,access,1147836748
1b44ac2a-02e3-4c8d-8b2c-8a2deb1c0758,11,access,1147899996
f5da228c-b24d-4a06-b251-7961f2acff7e,49,access,1147915855
edf0bed6-0536-4b4a-9dea-49b7faa05498,9,access,1147916507
d2af99e4-58f4-4366-855f-8e50b8f6c4da,20,access,1147922827
bfdc8851-9453-4dc3-83dc-ce4cae568d7d,1,access,1147960141
0c742747-0e71-4b5c-8339-52fea0f42a2b,10,access,1148019856
cea7cd84-51f8-4e69-8168-e5bc0c90c704,12,access,1148031797
7ef4ae67-8d43-4bb4-82f5-bdedfc68d7d3,12,access,1148039723
61ee4695-2777-4ecd-985b-dbad7e1b345f,24,access,1148051322
7ef4ae67-8d43-4bb4-82f5-bdedfc68d7d3,19,access,1148052458
24362b61-f232-44f6-81dd-1514d577ef64,50,access,1148061641
19154276-5a70-480d-a269-c097326664ff,12,access,1148123121
908301bc-b481-4763-bdc1-e0613dfea34f,6,access,1148174363
0c742747-0e71-4b5c-8339-52fea0f42a2b,35,access,1148254882
f5d07d3b-82ca-421b-9dff-43a403466238,27,access,1148256247
4c4e8e4f-8525-4b79-b873-edbb1097bfea,37,access,1148261819
f5d07d3b-82ca-421b-9dff-43a403466238,35,access,1148289534
100a43ae-81ef-4352-b791-f850bdb5576d,47,access,1148314296
99eb7f54-9d4b-4be4-b745-c9a070236ed6,25,access,1148327121
2d947b9b-6004-4c74-879a-06a03066414b,11,access,1148330974
5f568474-10d9-44eb-b68b-c3bdecbe5410,50,access,1148361069
e9013cd4-e60c-4038-a25a-cb19b029931a,18,access,1148387057
ed65c490-cf3d-4c5e-af91-d8d6f6f7a737,42,access,1148405262
c332a5b1-7f36-462c-b28c-52237005a6a7,16,access,1148475406
2b6b5d2d-9a94-4e81-9d55-4f1da235c884,19,access,1148486395
4df7dd5f-a5ef-4027-ae1f-9b7feb5947d3,11,access,1148525289
f2246956-b279-4e6e-bc0a-2d4e79d37d87,4,access,1148530014
908301bc-b481-4763-bdc1-e0613dfea34f,11,access,1148552959
cfd9ebf8-0308-40c3-aad7-689fe11dd780,6,access,1148577039
23ee7b71-b2f5-43e7-bc43-4b8fb7250c31,32,access,1148735860
23ce7657-e25c-423a-9e83-689dc0bda150,29,access,1148767591
d187e347-464f-4b62-8730-10528c56595a,1,access,1148769991
f5d07d3b-82ca-421b-9dff-43a403466238,19,access,1148791095
eeeb60b5-a7a6-4ac9-b8a7-4da98238c251,15,access,1148846949
d396f9c2-554d-4c95-b26f-8759bbd8bc8a,48,access,1148887365
78a0e726-f707-45a7-b86b-44228702b34c,41,access,1148925557
f65900c3-4da6-4502-8ddb-baf525e36cbb,18,access,1148935965
4173c48f-3997-46ed-b6e3-827ebf32d962,37,access,1148979466
9900e798-b2c8-4482-b593-56cddc61a7a3,29,access,1149034394
c332a5b1-7f36-462c-b28c-52237005a6a7,6,access,1149044096
08673198-2c86-4d58-8db7-f290c10fbf75,42,access,1149046114
727f70f1-6993-4194-8404-a61494686f19,27,access,1149049230
55656cab-601c-48dc-9cc5-2b4598e80e0c,47,access,1149095799
45517f41-abdd-4ac1-bf6b-49a5cce4a277,1,access,1149138636
9ed0a522-dc39-4533-aa70-74858a8f78bb,34,access,1149150648
02911fd1-a7f1-45e5-a7da-8bcb9482ee70,18,access,1149166391
64ff29f4-1dc2-4682-b587-502acc7fab15,1,access,1149211613
a4e6fe74-81f6-447f-a1a5-0ced0b25fb55,7,access,1149263528
a58b58f5-c8d5-4d44-934b-7b15506df3d9,40,access,1149265810
45517f41-abdd-4ac1-bf6b-49a5cce4a277,42,access,1149318539
4173c48f-3997-46ed-b6e3-827ebf32d962,7,access,1149322140
b5cd4f54-9dec-481e-91f1-466c59577b66,9,access,1149329756
99eb7f54-9d4b-4be4-b745-c9a070236ed6,6,access,1149382251
19154276-5a70-480d-a269-c097326664ff,43,access,1149391582
08673198-2c86-4d58-8db7-f290c10fbf75,25,access,1149400952
c82c7391-f211-4885-80d0-2dadb41cd65b,9,access,1149477961
0c3b6731-c8bb-453c-b4a3-1844f91ff161,30,access,1149478983
07dcb314-bfee-4e16-b532-e82641fa3164,50,access,1149510916
fea25aac-d15a-4ed3-a4b7-d65a6d929fd8,38,access,1149512041
5e1b8044-1197-4e28-9333-7f1cfd8dc2cf,3,access,1149628507
f4a863d7-0cc9-40c4-9e0e-2a2a9738a1d4,3,access,1149695039
f65900c3-4da6-4502-8ddb-baf525e36cbb,47,access,1149712350
c332a5b1-7f36-462c-b28c-52237005a6a7,8,access,1149744438
64ff29f4-1dc2-4682-b587-502acc7fab15,13,access,1149777895
f4a863d7-0cc9-40c4-9e0e-2a2a9738a1d4,24,access,1149795834
05d98089-caea-460d-8bf0-bdff134af0ca,3,access,1149813600
bfdc8851-9453-4dc3-83dc-ce4cae568d7d,49,access,1149850949
99eb7f54-9d4b-4be4-b745-c9a070236ed6,41,access,1149852905
1a05340b-5f4c-4d5f-88cf-f10cb04cd51a,39,access,1149885280
8af17140-359a-45d0-8d56-713ea5fed8e1,48,access,1149905693
945b1eef-9be7-4b70-b5ae-1c41b9120997,24,access,1149923984
69919223-3477-402b-bd94-af5d360a09b8,1,access,1149982204
02911fd1-a7f1-45e5-a7da-8bcb9482ee70,37,access,1150111852
7ef4ae67-8d43-4bb4-82f5-bdedfc68d7d3,24,access,1150163938
23ee7b71-b2f5-43e7-bc43-4b8fb7250c31,27,access,1150186300
55455f4e-0a98-4024-8dd8-100d1d972492,10,access,1150217040
c1690605-0773-4628-88d4-4d5aba32347c,24,access,1150258328
edf0bed6-0536-4b4a-9dea-49b7faa05498,36,access,1150264592
2c57c82f-b957-46d6-bd57-e77f1ba38926,41,access,1150270814
fe01731b-ad77-4e96-a575-613e2fdab479,45,access,1150325967
cea7cd84-51f8-4e69-8168-e5bc0c90c704,21,access,1150329426
ed65c490-cf3d-4c5e-af91-d8d6f6f7a737,3,access,1150346625
945b1eef-9be7-4b70-b5ae-1c41b9120997,14,access,1150353404
1b44ac2a-02e3-4c8d-8b2c-8a2deb1c0758,31,access,1150382264
b91c0455-d5a1-4240-8e73-890b7c601b0a,1,access,1150415491
e9013cd4-e60c-4038-a25a-cb19b029931a,20,access,1150434158
fe01731b-ad77-4e96-a575-613e2fdab479,14,access,1150451639
2d947b9b-6004-4c74-879a-06a03066414b,30,access,1150491926
fea25aac-d15a-4ed3-a4b7-d65a6d929fd8,10,access,1150535549
f1f18c31-3891-45be-b9ce-bfb405e690ef,7,access,1150540250
bfdc8851-9453-4dc3-83dc-ce4cae568d7d,31,access,1150559335
f9ba0177-d51a-4198-ad96-28da082e02d8,13,access,1150562307
e0f68e41-1a73-4500-82ce-14cc31ced683,39,access,1150580223
f1f18c31-3891-45be-b9ce-bfb405e690ef,14,access,1150615835
1b44ac2a-02e3-4c8d-8b2c-8a2deb1c0758,40,access,1150649374
2cdb79cf-7739-480e-940b-cc11e5258d5b,40,access,1150655261
02911fd1-a7f1-45e5-a7da-8bcb9482ee70,50,access,1150731108
f1f18c31-3891-45be-b9ce-bfb405e690ef,24,access,1150791630
b68ea0d2-7832-48f8-97c7-18c227b3d083,39,access,1150813480
08673198-2c86-4d58-8db7-f290c10fbf75,22,access,1150832819
908301bc-b481-4763-bdc1-e0613dfea34f,22,access,1150884433
908301bc-b481-4763-bdc1-e0613dfea34f,16,access,1150891993
578874e7-e5c0-48d7-873f-3c730961ed42,1,access,1150908612
fea25aac-d15a-4ed3-a4b7-d65a6d929fd8,47,access,1150920923
f5da228c-b24d-4a06-b251-7961f2acff7e,37,access,1150924965
e5fad610-be04-4d9a-a987-a75ded163354,11,access,1150958115
2d947b9b-6004-4c74-879a-06a03066414b,28,access,1150978071
19154276-5a70-480d-a269-c097326664ff,41,access,1151053998
6c411c85-7d62-4ba6-a668-3f0cfcf26ed5,42,access,1151079281
a172daeb-bbdb-48a5-a4db-b5e6015e862a,12,access,1151085272
77198012-9c4e-4c0d-87af-ae9e6b39722a,49,access,1151112310
69919223-3477-402b-bd94-af5d360a09b8,13,access,1151115031
b8e53faf-bfa5-4054-8ea7-eaa324b6baa6,13,access,1151134029
727f70f1-6993-4194-8404-a61494686f19,30,access,1151152135
022d456d-3448-451d-97ec-3e545d7896f5,47,access,1151155050
727f70f1-6993-4194-8404-a61494686f19,42,access,1151159948
78a0e726-f707-45a7-b86b-44228702b34c,17,access,1151193703
0c3b6731-c8bb-453c-b4a3-1844f91ff161,38,access,1151203556
31a2f1f4-ba14-4b48-949d-00064f64ca4a,45,access,1151269184
eeeb60b5-a7a6-4ac9-b8a7-4da98238c251,34,access,1151390449
9900e798-b2c8-4482-b593-56cddc61a7a3,23,access,1151403642
5f568474-10d9-44eb-b68b-c3bdecbe5410,46,access,1151406037
2b6b5d2d-9a94-4e81-9d55-4f1da235c884,6,access,1151419036
c1690605-0773-4628-88d4-4d5aba32347c,30,access,1151454994
7723fe9e-44a7-4062-906e-8cbc1ca85db5,40,access,1151500462
04ef046f-694d-4369-8e97-bdd8cf280b6a,4,access,1151519244
3f2250e8-fcdb-47e4-93c4-84b08df89a6e,34,access,1151522522
23ce7657-e25c-423a-9e83-689dc0bda150,50,access,1151587461
9ed0a522-dc39-4533-aa70-74858a8f78bb,8,access,1151619045
f4a863d7-0cc9-40c4-9e0e-2a2a9738a1d4,46,access,1151639011
100a43ae-81ef-4352-b791-f850bdb5576d,23,access,1151645372
02911fd1-a7f1-45e5-a7da-8bcb9482ee70,1,access,1151668734
e15be9c2-e844-462f-9550-34fcb4f196e4,32,access,1151679068
dcb1cddc-bdfa-4826-b5f1-f0011a096835,16,access,1151726771
578874e7-e5c0-48d7-873f-3c730961ed42,18,access,1151758817
33b994dc-9bf2-4295-93c5-5f08c2373189,22,access,1151825982
56d89e50-6eb8-43d0-9363-4f57ff7a5edd,25,access,1151827209
c82c7391-f211-4885-80d0-2dadb41cd65b,19,access,1151838671
b5cd4f54-9dec-481e-91f1-466c59577b66,43,access,1151863249
d2af99e4-58f4-4366-855f-8e50b8f6c4da,34,access,1151886076
e6e91b4b-cf82-46fa-af09-3d51b3b9f86d,25,access,1151923485
7ef4ae67-8d43-4bb4-82f5-bdedfc68d7d3,44,access,1151932005
f9ba0177-d51a-4198-ad96-28da082e02d8,44,access,1151969187
e0f68e41-1a73-4500-82ce-14cc31ced683,33,access,1151995195
eeeb60b5-a7a6-4ac9-b8a7-4da98238c251,23,access,1152116686
c82c7391-f211-4885-80d0-2dadb41cd65b,38,access,1152129041
022d456d-3448-451d-97ec-3e545d7896f5,43,access,1152198427
e5fad610-be04-4d9a-a987-a75ded163354,13,access,1152234839
f1f18c31-3891-45be-b9ce-bfb405e690ef,1,access,1152255159
022d456d-3448-451d-97ec-3e545d7896f5,31,access,1152333465
9ed0a522-dc39-4533-aa70-74858a8f78bb,14,access,1152340340
e6e91b4b-cf82-46fa-af09-3d51b3b9f86d,45,access,1152358330
18106f41-664a-4092-a0e2-080209f884c6,40,access,1152492037
08673198-2c86-4d58-8db7-f290c10fbf75,12,access,1152495037
2fc4ed3c-09dc-458a-b78e-3c30e485ba94,48,access,1152501974
45517f41-abdd-4ac1-bf6b-49a5cce4a277,20,access,1152583155
b91c0455-d5a1-4240-8e73-890b7c601b0a,36,access,1152590426
a4e6fe74-81f6-447f-a1a5-0ced0b25fb55,48,access,1152635304
78a0e726-f707-45a7-b86b-44228702b34c,11,access,1152642037
2fc4ed3c-09dc-458a-b78e-3c30e485ba94,4,access,1152649550
23ee7b71-b2f5-43e7-bc43-4b8fb7250c31,25,access,1152679146
69919223-3477-402b-bd94-af5d360a09b8,45,access,1152693911
1d93a59b-20da-459a-9a8a-9b4cbc3e9170,18,access,1152714933
f2246956-b279-4e6e-bc0a-2d4e79d37d87,22,access,1152886775
e9013cd4-e60c-4038-a25a-cb19b029931a,28,access,1152887543
367b9866-5fab-401f-98cd-4908074e5a30,8,access,1152952059
31a2f1f4-ba14-4b48-949d-00064f64ca4a,27,access,1152966830
4ca1c24b-5dd9-47f5-bebf-4d4adb84426a,47,access,1152967500
7657cae9-74d6-4dfc-acc8-d454a76584f9,33,access,1153031307
69919223-3477-402b-bd94-af5d360a09b8,34,access,1153049931
395ce3d2-8009-4b63-adff-4fb987312849,37,access,1153076569
08673198-2c86-4d58-8db7-f290c10fbf75,14,access,1153139513
04ef046f-694d-4369-8e97-bdd8cf280b6a,14,access,1153147282
106862e6-4962-4d2b-aefd-935048a25eda,27,access,1153159042
4173c48f-3997-46ed-b6e3-827ebf32d962,50,access,1153269818
5e1b8044-1197-4e28-9333-7f1cfd8dc2cf,39,access,1153283220
f2246956-b279-4e6e-bc0a-2d4e79d37d87,5,access,1153288273
23ce7657-e25c-423a-9e83-689dc0bda150,36,access,1153324980
02911fd1-a7f1-45e5-a7da-8bcb9482ee70,41,access,1153325203
a4e6fe74-81f6-447f-a1a5-0ced0b25fb55,50,access,1153387459
7ef4ae67-8d43-4bb4-82f5-bdedfc68d7d3,50,access,1153390740
45517f41-abdd-4ac1-bf6b-49a5cce4a277,11,access,1153443783
e6e91b4b-cf82-46fa-af09-3d51b3b9f86d,48,access,1153496531
e9013cd4-e60c-4038-a25a-cb19b029931a,47,access,1153545319
8b6f5fca-779e-42f4-878d-aa19d0ce1bf0,48,access,1153578414
727f70f1-6993-4194-8404-a61494686f19,22,access,1153583101
692e0065-5d76-43a4-9602-313943d1af3f,36,access,1153601558
1a05340b-5f4c-4d5f-88cf-f10cb04cd51a,12,access,1153656048
e9013cd4-e60c-4038-a25a-cb19b029931a,25,access,1153718596
395ce3d2-8009-4b63-adff-4fb987312849,42,access,1153751080
64ff29f4-1dc2-4682-b587-502acc7fab15,34,access,1153844711
e0f68e41-1a73-4500-82ce-14cc31ced683,19,access,1153877758
99eb7f54-9d4b-4be4-b745-c9a070236ed6,27,access,1153934065
78a0e726-f707-45a7-b86b-44228702b34c,38,access,1153969176
24362b61-f232-44f6-81dd-1514d577ef64,16,access,1154009656
0c3b6731-c8bb-453c-b4a3-1844f91ff161,44,access,1154021148
8af17140-359a-45d0-8d56-713ea5fed8e1,38,access,1154037182
022d456d-3448-451d-97ec-3e545d7896f5,26,access,1154040923
bfdc8851-9453-4dc3-83dc-ce4cae568d7d,21,access,1154098156
24362b61-f232-44f6-81dd-1514d577ef64,4,access,1154227566
5f568474-10d9-44eb-b68b-c3bdecbe5410,25,access,1154277789
05d98089-caea-460d-8bf0-bdff134af0ca,24,access,1154293013
945b1eef-9be7-4b70-b5ae-1c41b9120997,48,access,1154346961
a1b383b1-d648-41ec-b994-da6de5156da6,48,access,1154364095
f5da228c-b24d-4a06-b251-7961f2acff7e,41,access,1154408254
022d456d-3448-451d-97ec-3e545d7896f5,35,access,1154473723
e15be9c2-e844-462f-9550-34fcb4f196e4,35,access,1154534087
05d98089-caea-460d-8bf0-bdff134af0ca,25,access,1154592929
55455f4e-0a98-4024-8dd8-100d1d972492,3,access,1154671557
e2a384f3-ede8-4a0f-9244-3404fe85520d,28,access,1154707475
945b1eef-9be7-4b70-b5ae-1c41b9120997,23,access,1154766253
55656cab-601c-48dc-9cc5-2b4598e80e0c,45,access,1154768975
d396f9c2-554d-4c95-b26f-8759bbd8bc8a,3,access,1154811477
945b1eef-9be7-4b70-b5ae-1c41b9120997,7,access,1154821739
367b9866-5fab-401f-98cd-4908074e5a30,41,access,1154832113
bfdc8851-9453-4dc3-83dc-ce4cae568d7d,7,access,1154849961
31a2f1f4-ba14-4b48-949d-00064f64ca4a,19,access,1154904302
1d93a59b-20da-459a-9a8a-9b4cbc3e9170,15,access,1154913828
2c57c82f-b957-46d6-bd57-e77f1ba38926,46,access,1154952354
98f9f32d-94e9-43a6-9ac0-b5003fbf64ab,5,access,1154967328
4c4e8e4f-8525-4b79-b873-edbb1097bfea,7,access,1154967651
dcb1cddc-bdfa-4826-b5f1-f0011a096835,20,access,1155033447
2c57c82f-b957-46d6-bd57-e77f1ba38926,29,access,1155040803
56d89e50-6eb8-43d0-9363-4f57ff7a5edd,46,access,1155055492
100a43ae-81ef-4352-b791-f850bdb5576d,43,access,1155117719
e15be9c2-e844-462f-9550-34fcb4f196e4,27,access,1155151589
ed65c490-cf3d-4c5e-af91-d8d6f6f7a737,15,access,1155170842
3f2250e8-fcdb-47e4-93c4-84b08df89a6e,28,access,1155335806
a58b58f5-c8d5-4d44-934b-7b15506df3d9,18,access,1155352853
33b994dc-9bf2-4295-93c5-5f08c2373189,49,access,1155387217
23ee7b71-b2f5-43e7-bc43-4b8fb7250c31,21,access,1155419577
f92bba8a-6965-4e63-9a79-c613b024532c,11,access,1155424279
c1690605-0773-4628-88d4-4d5aba32347c,43,access,1155432892
fe01731b-ad77-4e96-a575-613e2fdab479,16,access,1155479781
e6e91b4b-cf82-46fa-af09-3d51b3b9f86d,37,access,1155494292
5e1b8044-1197-4e28-9333-7f1cfd8dc2cf,40,access,1155494347
c332a5b1-7f36-462c-b28c-52237005a6a7,1,access,1155535572
9fa5cdef-87a0-4131-aa45-6b35b0c0308b,17,access,1155592512
e6e91b4b-cf82-46fa-af09-3d51b3b9f86d,24,access,1155600180
61ee4695-2777-4ecd-985b-dbad7e1b345f,2,access,1155655817
55656cab-601c-48dc-9cc5-2b4598e80e0c,13,access,1155660390
dcb1cddc-bdfa-4826-b5f1-f0011a096835,47,access,1155689445
ebf9125f-e050-42ef-a3d9-7832875463c0,6,access,1155694938
2c57c82f-b957-46d6-bd57-e77f1ba38926,7,access,1155696045
bfdc8851-9453-4dc3-83dc-ce4cae568d7d,44,access,1155725288
bfdc8851-9453-4dc3-83dc-ce4cae568d7d,18,access,1155757076
692e0065-5d76-43a4-9602-313943d1af3f,10,access,1155787218
a172daeb-bbdb-48a5-a4db-b5e6015e862a,9,access,1155814608
0c3b6731-c8bb-453c-b4a3-1844f91ff161,41,access,1155836800
0c3b6731-c8bb-453c-b4a3-1844f91ff161,14,access,1155851077
2c57c82f-b957-46d6-bd57-e77f1ba38926,44,access,1155865352
55455f4e-0a98-4024-8dd8-100d1d972492,46,access,1155865426
1a05340b-5f4c-4d5f-88cf-f10cb04cd51a,33,access,1155877183
05d98089-caea-460d-8bf0-bdff134af0ca,34,access,1155958728
f4a863d7-0cc9-40c4-9e0e-2a2a9738a1d4,7,access,1155983998
dcb1cddc-bdfa-4826-b5f1-f0011a096835,35,access,1156020866
106862e6-4962-4d2b-aefd-935048a25eda,7,access,1156034256
55656cab-601c-48dc-9cc5-2b4598e80e0c,14,access,1156097169
07dcb314-bfee-4e16-b532-e82641fa3164,10,access,1156245874
d187e347-464f-4b62-8730-10528c56595a,12,access,1156280653
64ff29f4-1dc2-4682-b587-502acc7fab15,35,access,1156287144
9fa5cdef-87a0-4131-aa45-6b35b0c0308b,20,access,1156297917
02911fd1-a7f1-45e5-a7da-8bcb9482ee70,22,access,1156327530
07dcb314-bfee-4e16-b532-e82641fa3164,34,access,1156430867
9900e798-b2c8-4482-b593-56cddc61a7a3,40,access,1156488078
100a43ae-81ef-4352-b791-f850bdb5576d,42,access,1156491698
106862e6-4962-4d2b-aefd-935048a25eda,19,access,1156493159
edf0bed6-0536-4b4a-9dea-49b7faa05498,25,access,1156535690
e5fad610-be04-4d9a-a987-a75ded163354,41,access,1156576580
f5da228c-b24d-4a06-b251-7961f2acff7e,36,access,1156577372
fea25aac-d15a-4ed3-a4b7-d65a6d929fd8,42,access,1156613119
4173c48f-3997-46ed-b6e3-827ebf32d962,4,access,1156618404
7ef4ae67-8d43-4bb4-82f5-bdedfc68d7d3,38,access,1156622246
a172daeb-bbdb-48a5-a4db-b5e6015e862a,7,access,1156654823
05d98089-caea-460d-8bf0-bdff134af0ca,15,access,1156664326
4df7dd5f-a5ef-4027-ae1f-9b7feb5947d3,27,access,1156712254
69919223-3477-402b-bd94-af5d360a09b8,47,access,1156754376
2cdb79cf-7739-480e-940b-cc11e5258d5b,31,access,1156764942
4c4e8e4f-8525-4b79-b873-edbb1097bfea,13,access,1156778694
bfdc8851-9453-4dc3-83dc-ce4cae568d7d,49,access,1156801604
0c742747-0e71-4b5c-8339-52fea0f42a2b,35,access,1156861374
b68ea0d2-7832-48f8-97c7-18c227b3d083,29,access,1156863473
e9013cd4-e60c-4038-a25a-cb19b029931a,49,access,1156909875
56d89e50-6eb8-43d0-9363-4f57ff7a5edd,31,access,1156929824
02911fd1-a7f1-45e5-a7da-8bcb9482ee70,1,access,1156973414
fea25aac-d15a-4ed3-a4b7-d65a6d929fd8,1,access,1157020909
ebf9125f-e050-42ef-a3d9-7832875463c0,6,access,1157025665
b8e53faf-bfa5-4054-8ea7-eaa324b6baa6,40,access,1157028280
3f2250e8-fcdb-47e4-93c4-84b08df89a6e,45,access,1157066150
b91c0455-d5a1-4240-8e73-890b7c601b0a,35,access,1157095654
2fc4ed3c-09dc-458a-b78e-3c30e485ba94,41,access,1157109447
98f9f32d-94e9-43a6-9ac0-b5003fbf64ab,42,access,1157109662
05d98089-caea-460d-8bf0-bdff134af0ca,19,access,1157128763
9fa5cdef-87a0-4131-aa45-6b35b0c0308b,11,access,1157142901
4df7dd5f-a5ef-4027-ae1f-9b7feb5947d3,47,access,1157151128
8b6f5fca-779e-42f4-878d-aa19d0ce1bf0,45,access,1157285322
395ce3d2-8009-4b63-adff-4fb987312849,34,access,1157304690
f65900c3-4da6-4502-8ddb-baf525e36cbb,18,access,1157310909
55455f4e-0a98-4024-8dd8-100d1d972492,47,access,1157350578
4878677c-2dcd-425f-a12b-aa7beb9cfa25,42,access,1157358253
b8e53faf-bfa5-4054-8ea7-eaa324b6baa6,20,access,1157380501
33b994dc-9bf2-4295-93c5-5f08c2373189,9,access,1157381931
a58b58f5-c8d5-4d44-934b-7b15506df3d9,32,access,1157398023
367b9866-5fab-401f-98cd-4908074e5a30,41,access,1157403432
1a05340b-5f4c-4d5f-88cf-f10cb04cd51a,45,access,1157407508
cea7cd84-51f8-4e69-8168-e5bc0c90c704,14,access,1157481826
9ed0a522-dc39-4533-aa70-74858a8f78bb,16,access,1157494454
23ce7657-e25c-423a-9e83-689dc0bda150,29,access,1157516554
4ca1c24b-5dd9-47f5-bebf-4d4adb84426a,5,access,1157516958
9ed0a522-dc39-4533-aa70-74858a8f78bb,13,access,1157519795
d2af99e4-58f4-4366-855f-8e50b8f6c4da,11,access,1157525515
0c742747-0e71-4b5c-8339-52fea0f42a2b,33,access,1157560635
f5d07d3b-82ca-421b-9dff-43a403466238,38,access,1157587658
8b6f5fca-779e-42f4-878d-aa19d0ce1bf0,32,access,1157590666
99eb7f54-9d4b-4be4-b745-c9a070236ed6,18,access,1157618754
fe01731b-ad77-4e96-a575-613e2fdab479,4,access,1157647236
a1b383b1-d648-41ec-b994-da6de5156da6,6,access,1157673809
1b44ac2a-02e3-4c8d-8b2c-8a2deb1c0758,12,access,1157681312
e6e91b4b-cf82-46fa-af09-3d51b3b9f86d,14,access,1157712622
a1b383b1-d648-41ec-b994-da6de5156da6,34,access,1157714107
4878677c-2dcd-425f-a12b-aa7beb9cfa25,1,access,1157727699
23ee7b71-b2f5-43e7-bc43-4b8fb7250c31,12,access,1157800411
b5cd4f54-9dec-481e-91f1-466c59577b66,40,access,1157846569
106862e6-4962-4d2b-aefd-935048a25eda,44,access,1157878901
1b44ac2a-02e3-4c8d-8b2c-8a2deb1c0758,25,access,1157899836
55455f4e-0a98-4024-8dd8-100d1d972492,28,access,1157920337
3f2250e8-fcdb-47e4-93c4-84b08df89a6e,14,access,1157936051
7657cae9-74d6-4dfc-acc8-d454a76584f9,1,access,1157960415
b68ea0d2-7832-48f8-97c7-18c227b3d083,46,access,1158020879
04ef046f-694d-4369-8e97-bdd8cf280b6a,46,access,1158082937
2d947b9b-6004-4c74-879a-06a03066414b,17,access,1158153547
4ca1c24b-5dd9-47f5-bebf-4d4adb84426a,44,access,1158161093
e15be9c2-e844-462f-9550-34fcb4f196e4,29,access,1158184755
5f568474-10d9-44eb-b68b-c3bdecbe5410,47,access,1158206533
3f2250e8-fcdb-47e4-93c4-84b08df89a6e,38,access,1158225285
e15be9c2-e844-462f-9550-34fcb4f196e4,30,access,1158257286
56d89e50-6eb8-43d0-9363-4f57ff7a5edd,17,access,1158269507
578874e7-e5c0-48d7-873f-3c730961ed42,33,access,1158292581
e6e91b4b-cf82-46fa-af09-3d51b3b9f86d,2,access,1158304267
f2246956-b279-4e6e-bc0a-2d4e79d37d87,10,access,1158308933
a4e6fe74-81f6-447f-a1a5-0ced0b25fb55,30,access,1158320093
0c742747-0e71-4b5c-8339-52fea0f42a2b,9,access,1158363096
908301bc-b481-4763-bdc1-e0613dfea34f,28,access,1158439165
9fa5cdef-87a0-4131-aa45-6b35b0c0308b,29,access,1158442132
945b1eef-9be7-4b70-b5ae-1c41b9120997,27,access,1158457554
a172daeb-bbdb-48a5-a4db-b5e6015e862a,50,access,1158462246
69919223-3477-402b-bd94-af5d360a09b8,13,access,1158484818
3f2250e8-fcdb-47e4-93c4-84b08df89a6e,32,access,1158522510
b91c0455-d5a1-4240-8e73-890b7c601b0a,19,access,1158575642
2cdb79cf-7739-480e-940b-cc11e5258d5b,42,access,1158578958
4878677c-2dcd-425f-a12b-aa7beb9cfa25,1,access,1158580399
18106f41-664a-4092-a0e2-080209f884c6,32,access,1158636442
4878677c-2dcd-425f-a12b-aa7beb9cfa25,17,access,1158652230
64ff29f4-1dc2-4682-b587-502acc7fab15,14,access,1158654805
945b1eef-9be7-4b70-b5ae-1c41b9120997,16,access,1158706830
8b6f5fca-779e-42f4-878d-aa19d0ce1bf0,44,access,1158711305
4ca1c24b-5dd9-47f5-bebf-4d4adb84426a,29,access,1158756230
4c4e8e4f-8525-4b79-b873-edbb1097bfea,38,access,1158762592
ed65c490-cf3d-4c5e-af91-d8d6f6f7a737,3,access,1158810557
55455f4e-0a98-4024-8dd8-100d1d972492,18,access,1158866292
69919223-3477-402b-bd94-af5d360a09b8,35,access,1158875486
a172daeb-bbdb-48a5-a4db-b5e6015e862a,30,access,1158892161
33b994dc-9bf2-4295-93c5-5f08c2373189,46,access,1158902493
a4e6fe74-81f6-447f-a1a5-0ced0b25fb55,7,access,1159005371
ebf9125f-e050-42ef-a3d9-7832875463c0,43,access,1159006579
7723fe9e-44a7-4062-906e-8cbc1ca85db5,40,access,1159107763
133233b7-6e06-4bf4-b291-4c9b7cb4d161,8,access,1159209086
ed65c490-cf3d-4c5e-af91-d8d6f6f7a737,40,access,1159234071
b91c0455-d5a1-4240-8e73-890b7c601b0a,49,access,1159286904
4df7dd5f-a5ef-4027-ae1f-9b7feb5947d3,32,access,1159292739
9900e798-b2c8-4482-b593-56cddc61a7a3,49,access,1159309864
cea7cd84-51f8-4e69-8168-e5bc0c90c704,40,access,1159367615
b5cd4f54-9dec-481e-91f1-466c59577b66,21,access,1159382588
f1f18c31-3891-45be-b9ce-bfb405e690ef,49,access,1159410898
b8e53faf-bfa5-4054-8ea7-eaa324b6baa6,44,access,1159419690
64ff29f4-1dc2-4682-b587-502acc7fab15,32,access,1159428960
2b6b5d2d-9a94-4e81-9d55-4f1da235c884,35,access,1159439200
ebf9125f-e050-42ef-a3d9-7832875463c0,4,access,1159466630
ed65c490-cf3d-4c5e-af91-d8d6f6f7a737,41,access,1159544764
6c411c85-7d62-4ba6-a668-3f0cfcf26ed5,12,access,1159562864
1a05340b-5f4c-4d5f-88cf-f10cb04cd51a,30,access,1159576016
f92bba8a-6965-4e63-9a79-c613b024532c,20,access,1159612255
9900e798-b2c8-4482-b593-56cddc61a7a3,37,access,1159618143
0c3b6731-c8bb-453c-b4a3-1844f91ff161,32,access,1159644641
c82c7391-f211-4885-80d0-2dadb41cd65b,19,access,1159654028
f5d07d3b-82ca-421b-9dff-43a403466238,10,access,1159677112
23ce7657-e25c-423a-9e83-689dc0bda150,3,access,1159713145
f5da228c-b24d-4a06-b251-7961f2acff7e,24,access,1159752250
2fc4ed3c-09dc-458a-b78e-3c30e485ba94,40,access,1159797397
1d93a59b-20da-459a-9a8a-9b4cbc3e9170,46,access,1159838089
2cdb79cf-7739-480e-940b-cc11e5258d5b,41,access,1159861400
367b9866-5fab-401f-98cd-4908074e5a30,24,access,1159912505
9fa5cdef-87a0-4131-aa45-6b35b0c0308b,46,access,1159922071
e0f68e41-1a73-4500-82ce-14cc31ced683,17,access,1159928567
022d456d-3448-451d-97ec-3e545d7896f5,43,access,1159950447
23ee7b71-b2f5-43e7-bc43-4b8fb7250c31,15,access,1159952861
e5fad610-be04-4d9a-a987-a75ded163354,28,access,1159976974
2cdb79cf-7739-480e-940b-cc11e5258d5b,20,access,1160060009
33b994dc-9bf2-4295-93c5-5f08c2373189,1,access,1160061264
a1b383b1-d648-41ec-b994-da6de5156da6,34,access,1160075648
04ef046f-694d-4369-8e97-bdd8cf280b6a,39,access,1160083851
dcb1cddc-bdfa-4826-b5f1-f0011a096835,12,access,1160132690
e15be9c2-e844-462f-9550-34fcb4f196e4,36,access,1160226188
106862e6-4962-4d2b-aefd-935048a25eda,24,access,1160270618
eeeb60b5-a7a6-4ac9-b8a7-4da98238c251,50,access,1160315870
9ed0a522-dc39-4533-aa70-74858a8f78bb,30,access,1160327014
d187e347-464f-4b62-8730-10528c56595a,20,access,1160350031
578874e7-e5c0-48d7-873f-3c730961ed42,22,access,1160440334
f9ba0177-d51a-4198-ad96-28da082e02d8,14,access,1160452086
2fc4ed3c-09dc-458a-b78e-3c30e485ba94,45,access,1160471857
9fa5cdef-87a0-4131-aa45-6b35b0c0308b,39,access,1160472222
2d947b9b-6004-4c74-879a-06a03066414b,25,access,1160474172
133233b7-6e06-4bf4-b291-4c9b7cb4d161,40,access,1160521535
2b6b5d2d-9a94-4e81-9d55-4f1da235c884,13,access,1160532652
b5cd4f54-9dec-481e-91f1-466c59577b66,18,access,1160621922
f5da228c-b24d-4a06-b251-7961f2acff7e,2,access,1160667836
fea25aac-d15a-4ed3-a4b7-d65a6d929fd8,47,access,1160752080
7ef4ae67-8d43-4bb4-82f5-bdedfc68d7d3,37,access,1160840801
31a2f1f4-ba14-4b48-949d-00064f64ca4a,26,access,1160868273
f65900c3-4da6-4502-8ddb-baf525e36cbb,1,access,1160899912
2d947b9b-6004-4c74-879a-06a03066414b,48,access,1160938436
b5cd4f54-9dec-481e-91f1-466c59577b66,43,access,1161006234
7723fe9e-44a7-4062-906e-8cbc1ca85db5,10,access,1161073389
77198012-9c4e-4c0d-87af-ae9e6b39722a,41,access,1161073790
b91c0455-d5a1-4240-8e73-890b7c601b0a,11,access,1161081790
1d93a59b-20da-459a-9a8a-9b4cbc3e9170,43,access,1161105525
5f568474-10d9-44eb-b68b-c3bdecbe5410,4,access,1161175190
cd0aa687-42ed-49b8-b702-d999220d6448,50,access,1161176296
18106f41-664a-4092-a0e2-080209f884c6,17,access,1161181824
18106f41-664a-4092-a0e2-080209f884c6,8,access,1161191670
2c57c82f-b957-46d6-bd57-e77f1ba38926,46,access,1161193707
c1690605-0773-4628-88d4-4d5aba32347c,49,access,1161245537
2b6b5d2d-9a94-4e81-9d55-4f1da235c884,41,access,1161257143
133233b7-6e06-4bf4-b291-4c9b7cb4d161,31,access,1161278463
a1b383b1-d648-41ec-b994-da6de5156da6,30,access,1161327535
d187e347-464f-4b62-8730-10528c56595a,23,access,1161387444
2c57c82f-b957-46d6-bd57-e77f1ba38926,46,access,1161427046
6c411c85-7d62-4ba6-a668-3f0cfcf26ed5,12,access,1161465321
9ed0a522-dc39-4533-aa70-74858a8f78bb,34,access,1161507652
cfd9ebf8-0308-40c3-aad7-689fe11dd780,10,access,1161582685
07dcb314-bfee-4e16-b532-e82641fa3164,37,access,1161585619
e15be9c2-e844-462f-9550-34fcb4f196e4,46,access,1161666896
7723fe9e-44a7-4062-906e-8cbc1ca85db5,29,access,1161710781
55455f4e-0a98-4024-8dd8-100d1d972492,24,access,1161784951
98f9f32d-94e9-43a6-9ac0-b5003fbf64ab,19,access,1161827801
4173c48f-3997-46ed-b6e3-827ebf32d962,3,access,1161832867
fe01731b-ad77-4e96-a575-613e2fdab479,46,access,1161841413
e6e91b4b-cf82-46fa-af09-3d51b3b9f86d,27,access,1161854510
78a0e726-f707-45a7-b86b-44228702b34c,46,access,1161867003
395ce3d2-8009-4b63-adff-4fb987312849,30,access,1161904300
f2246956-b279-4e6e-bc0a-2d4e79d37d87,20,access,1161907943
578874e7-e5c0-48d7-873f-3c730961ed42,19,access,1161926280
e15be9c2-e844-462f-9550-34fcb4f196e4,24,access,1162024143
f5d07d3b-82ca-421b-9dff-43a403466238,19,access,1162062180
07dcb314-bfee-4e16-b532-e82641fa3164,30,access,1162068615
e5fad610-be04-4d9a-a987-a75ded163354,18,access,1162073167
1d93a59b-20da-459a-9a8a-9b4cbc3e9170,40,access,1162095945
d2af99e4-58f4-4366-855f-8e50b8f6c4da,27,access,1162101101
08673198-2c86-4d58-8db7-f290c10fbf75,1,access,1162214818
c1690605-0773-4628-88d4-4d5aba32347c,39,access,1162225957
61ee4695-2777-4ecd-985b-dbad7e1b345f,43,access,1162278366
100a43ae-81ef-4352-b791-f850bdb5576d,46,access,1162292417
1a05340b-5f4c-4d5f-88cf-f10cb04cd51a,43,access,1162323133
578874e7-e5c0-48d7-873f-3c730961ed42,46,access,1162365092
9900e798-b2c8-4482-b593-56cddc61a7a3,32,access,1162503278
692e0065-5d76-43a4-9602-313943d1af3f,6,access,1162516204
23ce7657-e25c-423a-9e83-689dc0bda150,43,access,1162524272
100a43ae-81ef-4352-b791-f850bdb5576d,50,access,1162590090
f4a863d7-0cc9-40c4-9e0e-2a2a9738a1d4,14,access,1162621290
99eb7f54-9d4b-4be4-b745-c9a070236ed6,39,access,1162630764
33b994dc-9bf2-4295-93c5-5f08c2373189,41,access,1162676074
61ee4695-2777-4ecd-985b-dbad7e1b345f,23,access,1162778207
133233b7-6e06-4bf4-b291-4c9b7cb4d161,38,access,1162809984
cea7cd84-51f8-4e69-8168-e5bc0c90c704,5,access,1162811250
b8e53faf-bfa5-4054-8ea7-eaa324b6baa6,45,access,1162827133
f1f18c31-3891-45be-b9ce-bfb405e690ef,30,access,1162849932
61ee4695-2777-4ecd-985b-dbad7e1b345f,2,access,1162867855
33b994dc-9bf2-4295-93c5-5f08c2373189,25,access,1162903182
a58b58f5-c8d5-4d44-934b-7b15506df3d9,17,access,1162906853
f92bba8a-6965-4e63-9a79-c613b024532c,9,access,1162945278
8af17140-359a-45d0-8d56-713ea5fed8e1,36,access,1162950152
367b9866-5fab-401f-98cd-4908074e5a30,30,access,1162999154
04ef046f-694d-4369-8e97-bdd8cf280b6a,1,access,1163014726
4878677c-2dcd-425f-a12b-aa7beb9cfa25,24,access,1163049977
4173c48f-3997-46ed-b6e3-827ebf32d962,11,access,1163060478
4c4e8e4f-8525-4b79-b873-edbb1097bfea,44,access,1163127490
d396f9c2-554d-4c95-b26f-8759bbd8bc8a,23,access,1163194999
022d456d-3448-451d-97ec-3e545d7896f5,10,access,1163210607
4878677c-2dcd-425f-a12b-aa7beb9cfa25,27,access,1163298153
f5d07d3b-82ca-421b-9dff-43a403466238,24,access,1163298889
99eb7f54-9d4b-4be4-b745-c9a070236ed6,15,access,1163315690
4c4e8e4f-8525-4b79-b873-edbb1097bfea,6,access,1163324218
08673198-2c86-4d58-8db7-f290c10fbf75,16,access,1163344786
b68ea0d2-7832-48f8-97c7-18c227b3d083,38,access,1163391930
578874e7-e5c0-48d7-873f-3c730961ed42,40,access,1163404943
78a0e726-f707-45a7-b86b-44228702b34c,21,access,1163463369
e6e91b4b-cf82-46fa-af09-3d51b3b9f86d,34,access,1163481034
bfdc8851-9453-4dc3-83dc-ce4cae568d7d,47,access,1163548518
4173c48f-3997-46ed-b6e3-827ebf32d962,24,access,1163598097
55656cab-601c-48dc-9cc5-2b4598e80e0c,45,access,1163603103
99eb7f54-9d4b-4be4-b745-c9a070236ed6,37,access,1163605326
b68ea0d2-7832-48f8-97c7-18c227b3d083,6,access,1163705062
31a2f1f4-ba14-4b48-949d-00064f64ca4a,15,access,1163705569
a4e6fe74-81f6-447f-a1a5-0ced0b25fb55,5,access,1163709753
f5d07d3b-82ca-421b-9dff-43a403466238,24,access,1163735610
4ca1c24b-5dd9-47f5-bebf-4d4adb84426a,28,access,1163740240
a58b58f5-c8d5-4d44-934b-7b15506df3d9,23,access,1163760553
7657cae9-74d6-4dfc-acc8-d454a76584f9,21,access,1163783337
45517f41-abdd-4ac1-bf6b-49a5cce4a277,24,access,1163785934
2fc4ed3c-09dc-458a-b78e-3c30e485ba94,4,access,1163816052
f9ba0177-d51a-4198-ad96-28da082e02d8,2,access,1163870852
f2246956-b279-4e6e-bc0a-2d4e79d37d87,27,access,1163896138
f65900c3-4da6-4502-8ddb-baf525e36cbb,36,access,1163966643
d396f9c2-554d-4c95-b26f-8759bbd8bc8a,2,access,1163979745
022d456d-3448-451d-97ec-3e545d7896f5,34,access,1163990504
f1f18c31-3891-45be-b9ce-bfb405e690ef,3,access,1164090497
4df7dd5f-a5ef-4027-ae1f-9b7feb5947d3,11,access,1164111710
edf0bed6-0536-4b4a-9dea-49b7faa05498,11,access,1164142439
1a05340b-5f4c-4d5f-88cf-f10cb04cd51a,32,access,1164159666
ebf9125f-e050-42ef-a3d9-7832875463c0,20,access,1164174682
9900e798-b2c8-4482-b593-56cddc61a7a3,43,access,1164206613
e2a384f3-ede8-4a0f-9244-3404fe85520d,6,access,1164212830
4ca1c24b-5dd9-47f5-bebf-4d4adb84426a,31,access,1164320035
cd0aa687-42ed-49b8-b702-d999220d6448,46,access,1164360308
04ef046f-694d-4369-8e97-bdd8cf280b6a,35,access,1164430960
7723fe9e-44a7-4062-906e-8cbc1ca85db5,20,access,1164452664
727f70f1-6993-4194-8404-a61494686f19,6,access,1164455384
c332a5b1-7f36-462c-b28c-52237005a6a7,34,access,1164473865
edf0bed6-0536-4b4a-9dea-49b7faa05498,17,access,1164533764
1a05340b-5f4c-4d5f-88cf-f10cb04cd51a,26,access,1164533955
24362b61-f232-44f6-81dd-1514d577ef64,34,access,1164535981
7ef4ae67-8d43-4bb4-82f5-bdedfc68d7d3,28,access,1164552715
8b6f5fca-779e-42f4-878d-aa19d0ce1bf0,12,access,1164566198
e2a384f3-ede8-4a0f-9244-3404fe85520d,39,access,1164636052
f92bba8a-6965-4e63-9a79-c613b024532c,41,access,1164728900
b91c0455-d5a1-4240-8e73-890b7c601b0a,24,access,1164774227
e2a384f3-ede8-4a0f-9244-3404fe85520d,46,access,1164783097
c332a5b1-7f36-462c-b28c-52237005a6a7,34,access,1164805249
23ee7b71-b2f5-43e7-bc43-4b8fb7250c31,7,access,1164858588
69919223-3477-402b-bd94-af5d360a09b8,9,access,1164861658
5e1b8044-1197-4e28-9333-7f1cfd8dc2cf,46,access,1164898256
5e1b8044-1197-4e28-9333-7f1cfd8dc2cf,7,access,1164912320
19154276-5a70-480d-a269-c097326664ff,29,access,1164920170
56d89e50-6eb8-43d0-9363-4f57ff7a5edd,25,access,1164942675
02911fd1-a7f1-45e5-a7da-8bcb9482ee70,40,access,1164959832
a58b58f5-c8d5-4d44-934b-7b15506df3d9,23,access,1164974620
2c57c82f-b957-46d6-bd57-e77f1ba38926,50,access,1165019139
6c411c85-7d62-4ba6-a668-3f0cfcf26ed5,14,access,1165054765
a4e6fe74-81f6-447f-a1a5-0ced0b25fb55,20,access,1165061573
8b6f5fca-779e-42f4-878d-aa19d0ce1bf0,37,access,1165121311
f92bba8a-6965-4e63-9a79-c613b024532c,12,access,1165135766
cea7cd84-51f8-4e69-8168-e5bc0c90c704,13,access,1165230561
e5fad610-be04-4d9a-a987-a75ded163354,5,access,1165303759
7ef4ae67-8d43-4bb4-82f5-bdedfc68d7d3,25,access,1165323268
1b44ac2a-02e3-4c8d-8b2c-8a2deb1c0758,27,access,1165359552
fea25aac-d15a-4ed3-a4b7-d65a6d929fd8,13,access,1165383305
8af17140-359a-45d0-8d56-713ea5fed8e1,49,access,1165413096
23ce7657-e25c-423a-9e83-689dc0bda150,17,access,1165427652
c82c7391-f211-4885-80d0-2dadb41cd65b,8,access,1165441571
578874e7-e5c0-48d7-873f-3c730961ed42,47,access,1165501528
d187e347-464f-4b62-8730-10528c56595a,48,access,1165517376
a172daeb-bbdb-48a5-a4db-b5e6015e862a,25,access,1165557779
b68ea0d2-7832-48f8-97c7-18c227b3d083,42,access,1165609023
0c3b6731-c8bb-453c-b4a3-1844f91ff161,20,access,1165651850
a58b58f5-c8d5-4d44-934b-7b15506df3d9,21,access,1165876025
1d93a59b-20da-459a-9a8a-9b4cbc3e9170,28,access,1165891304
f2246956-b279-4e6e-bc0a-2d4e79d37d87,49,access,1165893818
7723fe9e-44a7-4062-906e-8cbc1ca85db5,27,access,1165901880
4df7dd5f-a5ef-4027-ae1f-9b7feb5947d3,20,access,1165913126
d2af99e4-58f4-4366-855f-8e50b8f6c4da,24,access,1165920367
98f9f32d-94e9-43a6-9ac0-b5003fbf64ab,6,access,1165989297
18106f41-664a-4092-a0e2-080209f884c6,35,access,1166063821
07dcb314-bfee-4e16-b532-e82641fa3164,13,access,1166130441
0c3b6731-c8bb-453c-b4a3-1844f91ff161,14,access,1166201624
133233b7-6e06-4bf4-b291-4c9b7cb4d161,35,access,1166260545
ed65c490-cf3d-4c5e-af91-d8d6f6f7a737,45,access,1166261821
8b6f5fca-779e-42f4-878d-aa19d0ce1bf0,46,access,1166288666
cfd9ebf8-0308-40c3-aad7-689fe11dd780,30,access,1166291473
61ee4695-2777-4ecd-985b-dbad7e1b345f,41,access,1166318743
a58b58f5-c8d5-4d44-934b-7b15506df3d9,9,access,1166319465
2cdb79cf-7739-480e-940b-cc11e5258d5b,24,access,1166321254
e0f68e41-1a73-4500-82ce-14cc31ced683,19,access,1166421476
e2a384f3-ede8-4a0f-9244-3404fe85520d,38,access,1166434760
78a0e726-f707-45a7-b86b-44228702b34c,14,access,1166501956
ed65c490-cf3d-4c5e-af91-d8d6f6f7a737,9,access,1166536856
d396f9c2-554d-4c95-b26f-8759bbd8bc8a,20,access,1166537023
395ce3d2-8009-4b63-adff-4fb987312849,13,access,1166568383
945b1eef-9be7-4b70-b5ae-1c41b9120997,33,access,1166643506
eeeb60b5-a7a6-4ac9-b8a7-4da98238c251,42,access,1166674108
578874e7-e5c0-48d7-873f-3c730961ed42,11,access,1166695430
f9ba0177-d51a-4198-ad96-28da082e02d8,31,access,1166695868
dcb1cddc-bdfa-4826-b5f1-f0011a096835,38,access,1166718477
2b6b5d2d-9a94-4e81-9d55-4f1da235c884,5,access,1166741438
f4a863d7-0cc9-40c4-9e0e-2a2a9738a1d4,47,access,1166755083
b8e53faf-bfa5-4054-8ea7-eaa324b6baa6,40,access,1166770611
31a2f1f4-ba14-4b48-949d-00064f64ca4a,36,access,1166801004
19154276-5a70-480d-a269-c097326664ff,27,access,1166824196
100a43ae-81ef-4352-b791-f850bdb5576d,20,access,1166838575
cd0aa687-42ed-49b8-b702-d999220d6448,31,access,1166941968
98f9f32d-94e9-43a6-9ac0-b5003fbf64ab,8,access,1166969193
106862e6-4962-4d2b-aefd-935048a25eda,42,access,1166971987
edf0bed6-0536-4b4a-9dea-49b7faa05498,37,access,1166987658
692e0065-5d76-43a4-9602-313943d1af3f,5,access,1166987994
e0f68e41-1a73-4500-82ce-14cc31ced683,22,access,1167028554
a4e6fe74-81f6-447f-a1a5-0ced0b25fb55,42,access,1167030374
f2246956-b279-4e6e-bc0a-2d4e79d37d87,12,access,1167031799
f9ba0177-d51a-4198-ad96-28da082e02d8,38,access,1167036467
1b44ac2a-02e3-4c8d-8b2c-8a2deb1c0758,10,access,1167040839
31a2f1f4-ba14-4b48-949d-00064f64ca4a,11,access,1167088376
19154276-5a70-480d-a269-c097326664ff,20,access,1167092785
ebf9125f-e050-42ef-a3d9-7832875463c0,36,access,1167112585
61ee4695-2777-4ecd-985b-dbad7e1b345f,12,access,1167166516
6c411c85-7d62-4ba6-a668-3f0cfcf26ed5,34,access,1167190418
cea7cd84-51f8-4e69-8168-e5bc0c90c704,19,access,1167205371
395ce3d2-8009-4b63-adff-4fb987312849,37,access,1167219693
a4e6fe74-81f6-447f-a1a5-0ced0b25fb55,38,access,1167254274
c1690605-0773-4628-88d4-4d5aba32347c,28,access,1167313694
dcb1cddc-bdfa-4826-b5f1-f0011a096835,40,access,1167357221
56d89e50-6eb8-43d0-9363-4f57ff7a5edd,21,access,1167360923
61ee4695-2777-4ecd-985b-dbad7e1b345f,25,access,1167477641
c82c7391-f211-4885-80d0-2dadb41cd65b,32,access,1167481797
eeeb60b5-a7a6-4ac9-b8a7-4da98238c251,42,access,1167497567
c1690605-0773-4628-88d4-4d5aba32347c,43,access,1167536148
b8e53faf-bfa5-4054-8ea7-eaa324b6baa6,40,access,1167556649
7723fe9e-44a7-4062-906e-8cbc1ca85db5,30,access,1167618292
5f568474-10d9-44eb-b68b-c3bdecbe5410,39,access,1167708224
b68ea0d2-7832-48f8-97c7-18c227b3d083,18,access,1167725984
ed65c490-cf3d-4c5e-af91-d8d6f6f7a737,5,access,1167808119
c1690605-0773-4628-88d4-4d5aba32347c,34,access,1167821989
4df7dd5f-a5ef-4027-ae1f-9b7feb5947d3,16,access,1167823628
8b6f5fca-779e-42f4-878d-aa19d0ce1bf0,44,access,1167862925
d187e347-464f-4b62-8730-10528c56595a,40,access,1167929352
45517f41-abdd-4ac1-bf6b-49a5cce4a277,32,access,1167950917
b5cd4f54-9dec-481e-91f1-466c59577b66,9,access,1167969722
945b1eef-9be7-4b70-b5ae-1c41b9120997,3,access,1167993954
18106f41-664a-4092-a0e2-080209f884c6,49,access,1167999204
a1b383b1-d648-41ec-b994-da6de5156da6,26,access,1168049179
133233b7-6e06-4bf4-b291-4c9b7cb4d161,24,access,1168148458
4878677c-2dcd-425f-a12b-aa7beb9cfa25,12,access,1168196424
1d93a59b-20da-459a-9a8a-9b4cbc3e9170,43,access,1168263606
55656cab-601c-48dc-9cc5-2b4598e80e0c,48,access,1168311529
23ee7b71-b2f5-43e7-bc43-4b8fb7250c31,30,access,1168337764
367b9866-5fab-401f-98cd-4908074e5a30,48,access,1168376947
56d89e50-6eb8-43d0-9363-4f57ff7a5edd,29,access,1168422403
d2af99e4-58f4-4366-855f-8e50b8f6c4da,3,access,1168453357
55656cab-601c-48dc-9cc5-2b4598e80e0c,8,access,1168463590
04ef046f-694d-4369-8e97-bdd8cf280b6a,18,access,1168474536
1b44ac2a-02e3-4c8d-8b2c-8a2deb1c0758,31,access,1168514156
b91c0455-d5a1-4240-8e73-890b7c601b0a,20,access,1168523473
b68ea0d2-7832-48f8-97c7-18c227b3d083,44,access,1168579834
f65900c3-4da6-4502-8ddb-baf525e36cbb,46,access,1168677814
78a0e726-f707-45a7-b86b-44228702b34c,20,access,1168685881
4ca1c24b-5dd9-47f5-bebf-4d4adb84426a,48,access,1168686536
cea7cd84-51f8-4e69-8168-e5bc0c90c704,3,access,1168723049
a172daeb-bbdb-48a5-a4db-b5e6015e862a,14,access,1168738440
e9013cd4-e60c-4038-a25a-cb19b029931a,37,access,1168748752
f5d07d3b-82ca-421b-9dff-43a403466238,24,access,1168801677
f5d07d3b-82ca-421b-9dff-43a403466238,49,access,1168846394
106862e6-4962-4d2b-aefd-935048a25eda,29,access,1168906273
395ce3d2-8009-4b63-adff-4fb987312849,22,access,1168923088
f92bba8a-6965-4e63-9a79-c613b024532c,1,access,1168952226
77198012-9c4e-4c0d-87af-ae9e6b39722a,25,access,1169006597
f65900c3-4da6-4502-8ddb-baf525e36cbb,34,access,1169048377
6c411c85-7d62-4ba6-a668-3f0cfcf26ed5,44,access,1169063327
6c411c85-7d62-4ba6-a668-3f0cfcf26ed5,11,access,1169087030
367b9866-5fab-401f-98cd-4908074e5a30,26,access,1169110621
f5da228c-b24d-4a06-b251-7961f2acff7e,27,access,1169113626
8af17140-359a-45d0-8d56-713ea5fed8e1,6,access,1169118577
6c411c85-7d62-4ba6-a668-3f0cfcf26ed5,2,access,1169124024
24362b61-f232-44f6-81dd-1514d577ef64,28,access,1169188473
8af17140-359a-45d0-8d56-713ea5fed8e1,44,access,1169194891
d187e347-464f-4b62-8730-10528c56595a,12,access,1169196571
a172daeb-bbdb-48a5-a4db-b5e6015e862a,35,access,1169210076
61ee4695-2777-4ecd-985b-dbad7e1b345f,44,access,1169321760
b68ea0d2-7832-48f8-97c7-18c227b3d083,27,access,1169335578
b5cd4f54-9dec-481e-91f1-466c59577b66,28,access,1169390743
19154276-5a70-480d-a269-c097326664ff,46,access,1169416218
fea25aac-d15a-4ed3-a4b7-d65a6d929fd8,44,access,1169433260
f9ba0177-d51a-4198-ad96-28da082e02d8,4,access,1169501037
cea7cd84-51f8-4e69-8168-e5bc0c90c704,37,access,1169526368
a1b383b1-d648-41ec-b994-da6de5156da6,45,access,1169532799
692e0065-5d76-43a4-9602-313943d1af3f,46,access,1169555395
55656cab-601c-48dc-9cc5-2b4598e80e0c,21,access,1169566484
0c3b6731-c8bb-453c-b4a3-1844f91ff161,1,access,1169677248
cfd9ebf8-0308-40c3-aad7-689fe11dd780,12,access,1169681807
1a05340b-5f4c-4d5f-88cf-f10cb04cd51a,46,access,1169708492
a172daeb-bbdb-48a5-a4db-b5e6015e862a,30,access,1169712380
3f2250e8-fcdb-47e4-93c4-84b08df89a6e,8,access,1169752163
133233b7-6e06-4bf4-b291-4c9b7cb4d161,50,access,1169772484
100a43ae-81ef-4352-b791-f850bdb5576d,22,access,1169785912
a58b58f5-c8d5-4d44-934b-7b15506df3d9,9,access,1169819780
4c4e8e4f-8525-4b79-b873-edbb1097bfea,38,access,1169835301
133233b7-6e06-4bf4-b291-4c9b7cb4d161,39,access,1169837705
7657cae9-74d6-4dfc-acc8-d454a76584f9,43,access,1169865298
8af17140-359a-45d0-8d56-713ea5fed8e1,2,access,1169870972
0c742747-0e71-4b5c-8339-52fea0f42a2b,48,access,1169910486
f9ba0177-d51a-4198-ad96-28da082e02d8,32,access,1169916118
9fa5cdef-87a0-4131-aa45-6b35b0c0308b,28,access,1169938526
e9013cd4-e60c-4038-a25a-cb19b029931a,49,access,1169943115
fea25aac-d15a-4ed3-a4b7-d65a6d929fd8,5,access,1169980184
2cdb79cf-7739-480e-940b-cc11e5258d5b,39,access,1169998799
5f568474-10d9-44eb-b68b-c3bdecbe5410,15,access,1170005804
cfd9ebf8-0308-40c3-aad7-689fe11dd780,42,access,1170065550
fe01731b-ad77-4e96-a575-613e2fdab479,22,access,1170120706
b68ea0d2-7832-48f8-97c7-18c227b3d083,1,access,1170128162
55455f4e-0a98-4024-8dd8-100d1d972492,16,access,1170134061
77198012-9c4e-4c0d-87af-ae9e6b39722a,22,access,1170135191
692e0065-5d76-43a4-9602-313943d1af3f,28,access,1170153011
b91c0455-d5a1-4240-8e73-890b7c601b0a,28,access,1170243203
e0f68e41-1a73-4500-82ce-14cc31ced683,4,access,1170245809
f1f18c31-3891-45be-b9ce-bfb405e690ef,26,access,1170249807
cfd9ebf8-0308-40c3-aad7-689fe11dd780,6,access,1170314235
5e1b8044-1197-4e28-9333-7f1cfd8dc2cf,4,access,1170320066
4878677c-2dcd-425f-a12b-aa7beb9cfa25,35,access,1170337967
77198012-9c4e-4c0d-87af-ae9e6b39722a,49,access,1170355750
a1b383b1-d648-41ec-b994-da6de5156da6,37,access,1170361521
5f568474-10d9-44eb-b68b-c3bdecbe5410,50,access,1170407652
56d89e50-6eb8-43d0-9363-4f57ff7a5edd,26,access,1170430190
c332a5b1-7f36-462c-b28c-52237005a6a7,49,access,1170446687
b8e53faf-bfa5-4054-8ea7-eaa324b6baa6,39,access,1170486779
45517f41-abdd-4ac1-bf6b-49a5cce4a277,30,access,1170512151
100a43ae-81ef-4352-b791-f850bdb5576d,42,access,1170608163
04ef046f-694d-4369-8e97-bdd8cf280b6a,26,access,1170608368
c82c7391-f211-4885-80d0-2dadb41cd65b,37,access,1170636237
cea7cd84-51f8-4e69-8168-e5bc0c90c704,45,access,1170742030
cd0aa687-42ed-49b8-b702-d999220d6448,36,access,1170802289
33b994dc-9bf2-4295-93c5-5f08c2373189,10,access,1170813364
cd0aa687-42ed-49b8-b702-d999220d6448,10,access,1170815187
23ee7b71-b2f5-43e7-bc43-4b8fb7250c31,22,access,1170932518
98f9f32d-94e9-43a6-9ac0-b5003fbf64ab,39,access,1170942010
e15be9c2-e844-462f-9550-34fcb4f196e4,14,access,1170990122
cd0aa687-42ed-49b8-b702-d999220d6448,14,access,1170998424
727f70f1-6993-4194-8404-a61494686f19,10,access,1171000293
908301bc-b481-4763-bdc1-e0613dfea34f,30,access,1171034592
cfd9ebf8-0308-40c3-aad7-689fe11dd780,41,access,1171074819
24362b61-f232-44f6-81dd-1514d577ef64,31,access,1171078190
7723fe9e-44a7-4062-906e-8cbc1ca85db5,40,access,1171101652
d2af99e4-58f4-4366-855f-8e50b8f6c4da,34,access,1171113567
45517f41-abdd-4ac1-bf6b-49a5cce4a277,34,access,1171115429
f92bba8a-6965-4e63-9a79-c613b024532c,48,access,1171166549
f1f18c31-3891-45be-b9ce-bfb405e690ef,29,access,1171176865
9ed0a522-dc39-4533-aa70-74858a8f78bb,30,access,1171245687
dcb1cddc-bdfa-4826-b5f1-f0011a096835,40,access,1171293537
f92bba8a-6965-4e63-9a79-c613b024532c,40,access,1171352277
f5da228c-b24d-4a06-b251-7961f2acff7e,11,access,1171360714
5e1b8044-1197-4e28-9333-7f1cfd8dc2cf,35,access,1171374675
99eb7f54-9d4b-4be4-b745-c9a070236ed6,7,access,1171400904
692e0065-5d76-43a4-9602-313943d1af3f,46,access,1171472652
367b9866-5fab-401f-98cd-4908074e5a30,40,access,1171487050
31a2f1f4-ba14-4b48-949d-00064f64ca4a,27,access,1171497960
c332a5b1-7f36-462c-b28c-52237005a6a7,43,access,1171509090
7ef4ae67-8d43-4bb4-82f5-bdedfc68d7d3,3,access,1171512693
2b6b5d2d-9a94-4e81-9d55-4f1da235c884,15,access,1171529128
ed65c490-cf3d-4c5e-af91-d8d6f6f7a737,40,access,1171537468
c1690605-0773-4628-88d4-4d5aba32347c,21,access,1171538426
4878677c-2dcd-425f-a12b-aa7beb9cfa25,44,access,1171550118
23ee7b71-b2f5-43e7-bc43-4b8fb7250c31,32,access,1171592849
2fc4ed3c-09dc-458a-b78e-3c30e485ba94,16,access,1171649029
c332a5b1-7f36-462c-b28c-52237005a6a7,30,access,1171727805
4173c48f-3997-46ed-b6e3-827ebf32d962,27,access,1171767947
1d93a59b-20da-459a-9a8a-9b4cbc3e9170,32,access,1171810187
f4a863d7-0cc9-40c4-9e0e-2a2a9738a1d4,28,access,1171922032
fea25aac-d15a-4ed3-a4b7-d65a6d929fd8,46,access,1171948229
692e0065-5d76-43a4-9602-313943d1af3f,21,access,1171949876
9fa5cdef-87a0-4131-aa45-6b35b0c0308b,30,access,1172154243
a58b58f5-c8d5-4d44-934b-7b15506df3d9,29,access,1172183863
2d947b9b-6004-4c74-879a-06a03066414b,38,access,1172202598
4ca1c24b-5dd9-47f5-bebf-4d4adb84426a,19,access,1172243587
f1f18c31-3891-45be-b9ce-bfb405e690ef,49,access,1172303414
edf0bed6-0536-4b4a-9dea-49b7faa05498,20,access,1172310090
106862e6-4962-4d2b-aefd-935048a25eda,1,access,1172314371
77198012-9c4e-4c0d-87af-ae9e6b39722a,27,access,1172339845
fe01731b-ad77-4e96-a575-613e2fdab479,4,access,1172401429
1d93a59b-20da-459a-9a8a-9b4cbc3e9170,6,access,1172432925
05d98089-caea-460d-8bf0-bdff134af0ca,49,access,1172565584
98f9f32d-94e9-43a6-9ac0-b5003fbf64ab,4,access,1172575574
78a0e726-f707-45a7-b86b-44228702b34c,49,access,1172586961
eeeb60b5-a7a6-4ac9-b8a7-4da98238c251,34,access,1172660000
bfdc8851-9453-4dc3-83dc-ce4cae568d7d,25,access,1172665628
d2af99e4-58f4-4366-855f-8e50b8f6c4da,35,access,1172676153
56d89e50-6eb8-43d0-9363-4f57ff7a5edd,27,access,1172737372
0c3b6731-c8bb-453c-b4a3-1844f91ff161,29,access,1172744863
55656cab-601c-48dc-9cc5-2b4598e80e0c,7,access,1172749673
77198012-9c4e-4c0d-87af-ae9e6b39722a,24,access,1172771218
1b44ac2a-02e3-4c8d-8b2c-8a2deb1c0758,40,access,1172800650
98f9f32d-94e9-43a6-9ac0-b5003fbf64ab,18,access,1172830135
5f568474-10d9-44eb-b68b-c3bdecbe5410,2,access,1172858548
2c57c82f-b957-46d6-bd57-e77f1ba38926,5,access,1172864697
4ca1c24b-5dd9-47f5-bebf-4d4adb84426a,42,access,1172874617
4ca1c24b-5dd9-47f5-bebf-4d4adb84426a,8,access,1172877451
24362b61-f232-44f6-81dd-1514d577ef64,19,access,1172900459
106862e6-4962-4d2b-aefd-935048a25eda,11,access,1172933315
6c411c85-7d62-4ba6-a668-3f0cfcf26ed5,14,access,1172936473
022d456d-3448-451d-97ec-3e545d7896f5,5,access,1172980908
3f2250e8-fcdb-47e4-93c4-84b08df89a6e,44,access,1173001541
24362b61-f232-44f6-81dd-1514d577ef64,22,access,1173008542
e2a384f3-ede8-4a0f-9244-3404fe85520d,6,access,1173042200
18106f41-664a-4092-a0e2-080209f884c6,29,access,1173063485
77198012-9c4e-4c0d-87af-ae9e6b39722a,5,access,1173126259
d396f9c2-554d-4c95-b26f-8759bbd8bc8a,6,access,1173134589
e2a384f3-ede8-4a0f-9244-3404fe85520d,16,access,1173143163
08673198-2c86-4d58-8db7-f290c10fbf75,22,access,1173274051
dcb1cddc-bdfa-4826-b5f1-f0011a096835,9,access,1173299612
e5fad610-be04-4d9a-a987-a75ded163354,9,access,1173340194
8af17140-359a-45d0-8d56-713ea5fed8e1,39,access,1173387921
64ff29f4-1dc2-4682-b587-502acc7fab15,42,access,1173394316
2b6b5d2d-9a94-4e81-9d55-4f1da235c884,36,access,1173447494
98f9f32d-94e9-43a6-9ac0-b5003fbf64ab,29,access,1173454512
d2af99e4-58f4-4366-855f-8e50b8f6c4da,37,access,1173464164
367b9866-5fab-401f-98cd-4908074e5a30,24,access,1173478105
1b44ac2a-02e3-4c8d-8b2c-8a2deb1c0758,28,access,1173510862
99eb7f54-9d4b-4be4-b745-c9a070236ed6,41,access,1173519013
19154276-5a70-480d-a269-c097326664ff,8,access,1173525386
cd0aa687-42ed-49b8-b702-d999220d6448,9,access,1173532118
d396f9c2-554d-4c95-b26f-8759bbd8bc8a,38,access,1173543269
ebf9125f-e050-42ef-a3d9-7832875463c0,10,access,1173563649
e2a384f3-ede8-4a0f-9244-3404fe85520d,23,access,1173574958
106862e6-4962-4d2b-aefd-935048a25eda,28,access,1173688950
a1b383b1-d648-41ec-b994-da6de5156da6,3,access,1173748872
2b6b5d2d-9a94-4e81-9d55-4f1da235c884,43,access,1173749031
f2246956-b279-4e6e-bc0a-2d4e79d37d87,16,access,1173816255
8b6f5fca-779e-42f4-878d-aa19d0ce1bf0,2,access,1173850164
367b9866-5fab-401f-98cd-4908074e5a30,4,access,1173868147
e5fad610-be04-4d9a-a987-a75ded163354,31,access,1173922977
07dcb314-bfee-4e16-b532-e82641fa3164,38,access,1173968239
e5fad610-be04-4d9a-a987-a75ded163354,43,access,1174007705
55455f4e-0a98-4024-8dd8-100d1d972492,33,access,1174009972
f4a863d7-0cc9-40c4-9e0e-2a2a9738a1d4,4,access,1174013103
578874e7-e5c0-48d7-873f-3c730961ed42,20,access,1174040737
7723fe9e-44a7-4062-906e-8cbc1ca85db5,2,access,1174053917
dcb1cddc-bdfa-4826-b5f1-f0011a096835,22,access,1174091547
f65900c3-4da6-4502-8ddb-baf525e36cbb,25,access,1174107630
77198012-9c4e-4c0d-87af-ae9e6b39722a,3,access,1174151631
24362b61-f232-44f6-81dd-1514d577ef64,30,access,1174156319
edf0bed6-0536-4b4a-9dea-49b7faa05498,16,access,1174192901
4df7dd5f-a5ef-4027-ae1f-9b7feb5947d3,46,access,1174228990
0c742747-0e71-4b5c-8339-52fea0f42a2b,9,access,1174237754
e0f68e41-1a73-4500-82ce-14cc31ced683,45,access,1174297887
2fc4ed3c-09dc-458a-b78e-3c30e485ba94,5,access,1174307360
5e1b8044-1197-4e28-9333-7f1cfd8dc2cf,45,access,1174364086
fe01731b-ad77-4e96-a575-613e2fdab479,30,access,1174367654
45517f41-abdd-4ac1-bf6b-49a5cce4a277,38,access,1174368457
64ff29f4-1dc2-4682-b587-502acc7fab15,47,access,1174377801
08673198-2c86-4d58-8db7-f290c10fbf75,28,access,1174486630
55455f4e-0a98-4024-8dd8-100d1d972492,24,access,1174519484
727f70f1-6993-4194-8404-a61494686f19,41,access,1174527670
2d947b9b-6004-4c74-879a-06a03066414b,9,access,1174573373
f9ba0177-d51a-4198-ad96-28da082e02d8,23,access,1174574224
cfd9ebf8-0308-40c3-aad7-689fe11dd780,28,access,1174578208
5f568474-10d9-44eb-b68b-c3bdecbe5410,6,access,1174618563
7657cae9-74d6-4dfc-acc8-d454a76584f9,40,access,1174619278
4c4e8e4f-8525-4b79-b873-edbb1097bfea,7,access,1174651257
c1690605-0773-4628-88d4-4d5aba32347c,31,access,1174660278
b5cd4f54-9dec-481e-91f1-466c59577b66,41,access,1174672600
d2af99e4-58f4-4366-855f-8e50b8f6c4da,23,access,1174727051
cd0aa687-42ed-49b8-b702-d999220d6448,32,access,1174739526
908301bc-b481-4763-bdc1-e0613dfea34f,23,access,1174763118
4df7dd5f-a5ef-4027-ae1f-9b7feb5947d3,47,access,1174826715
4173c48f-3997-46ed-b6e3-827ebf32d962,4,access,1174832030
05d98089-caea-460d-8bf0-bdff134af0ca,19,access,1174882963
9ed0a522-dc39-4533-aa70-74858a8f78bb,10,access,1174978366
f5da228c-b24d-4a06-b251-7961f2acff7e,5,access,1175012778
9900e798-b2c8-4482-b593-56cddc61a7a3,24,access,1175041110
07dcb314-bfee-4e16-b532-e82641fa3164,15,access,1175101798
23ce7657-e25c-423a-9e83-689dc0bda150,40,access,1175106827
3f2250e8-fcdb-47e4-93c4-84b08df89a6e,25,access,1175148061
022d456d-3448-451d-97ec-3e545d7896f5,41,access,1175155287
2cdb79cf-7739-480e-940b-cc11e5258d5b,38,access,1175258581
e9013cd4-e60c-4038-a25a-cb19b029931a,49,access,1175272266
8af17140-359a-45d0-8d56-713ea5fed8e1,35,access,1175303155
c82c7391-f211-4885-80d0-2dadb41cd65b,37,access,1175413103
05d98089-caea-460d-8bf0-bdff134af0ca,15,access,1175532286
1d93a59b-20da-459a-9a8a-9b4cbc3e9170,2,access,1175543374
31a2f1f4-ba14-4b48-949d-00064f64ca4a,46,access,1175652625
0c742747-0e71-4b5c-8339-52fea0f42a2b,13,access,1175669436
7657cae9-74d6-4dfc-acc8-d454a76584f9,12,access,1175710437
e6e91b4b-cf82-46fa-af09-3d51b3b9f86d,7,access,1175731689
908301bc-b481-4763-bdc1-e0613dfea34f,43,access,1175805065
eeeb60b5-a7a6-4ac9-b8a7-4da98238c251,32,access,1175814208
395ce3d2-8009-4b63-adff-4fb987312849,15,access,1175817270
4c4e8e4f-8525-4b79-b873-edbb1097bfea,13,access,1175840011
d187e347-464f-4b62-8730-10528c56595a,32,access,1175849010
133233b7-6e06-4bf4-b291-4c9b7cb4d161,35,access,1175872957
fe01731b-ad77-4e96-a575-613e2fdab479,14,access,1175877127
908301bc-b481-4763-bdc1-e0613dfea34f,15,access,1175885105
9900e798-b2c8-4482-b593-56cddc61a7a3,35,access,1175887365
07dcb314-bfee-4e16-b532-e82641fa3164,31,access,1175931700
d187e347-464f-4b62-8730-10528c56595a,17,access,1175965423
2cdb79cf-7739-480e-940b-cc11e5258d5b,34,access,1175971734
5e1b8044-1197-4e28-9333-7f1cfd8dc2cf,26,access,1175987607
eeeb60b5-a7a6-4ac9-b8a7-4da98238c251,34,access,1176017963
b5cd4f54-9dec-481e-91f1-466c59577b66,50,access,1176089927
692e0065-5d76-43a4-9602-313943d1af3f,14,access,1176114003
cd0aa687-42ed-49b8-b702-d999220d6448,24,access,1176140868
18106f41-664a-4092-a0e2-080209f884c6,21,access,1176174387
02911fd1-a7f1-45e5-a7da-8bcb9482ee70,18,access,1176257739
f9ba0177-d51a-4198-ad96-28da082e02d8,24,access,1176266261
cd0aa687-42ed-49b8-b702-d999220d6448,9,access,1176336214
727f70f1-6993-4194-8404-a61494686f19,27,access,1176423734
4878677c-2dcd-425f-a12b-aa7beb9cfa25,30,access,1176441580
07dcb314-bfee-4e16-b532-e82641fa3164,34,access,1176488563
e5fad610-be04-4d9a-a987-a75ded163354,30,access,1176598075
2b6b5d2d-9a94-4e81-9d55-4f1da235c884,8,access,1176699570
9fa5cdef-87a0-4131-aa45-6b35b0c0308b,37,access,1176795717
6c411c85-7d62-4ba6-a668-3f0cfcf26ed5,50,access,1176834573
e2a384f3-ede8-4a0f-9244-3404fe85520d,17,access,1176919763
c82c7391-f211-4885-80d0-2dadb41cd65b,46,access,1176927603
69919223-3477-402b-bd94-af5d360a09b8,48,access,1176937890
100a43ae-81ef-4352-b791-f850bdb5576d,31,access,1177012223
0c742747-0e71-4b5c-8339-52fea0f42a2b,42,access,1177013465
05d98089-caea-460d-8bf0-bdff134af0ca,20,access,1177082695
d187e347-464f-4b62-8730-10528c56595a,19,access,1177105918
f92bba8a-6965-4e63-9a79-c613b024532c,50,access,1177216027
56d89e50-6eb8-43d0-9363-4f57ff7a5edd,36,access,1177216417
4173c48f-3997-46ed-b6e3-827ebf32d962,6,access,1177218042
2fc4ed3c-09dc-458a-b78e-3c30e485ba94,20,access,1177220779
2d947b9b-6004-4c74-879a-06a03066414b,34,access,1177235534
f5da228c-b24d-4a06-b251-7961f2acff7e,40,access,1177245029
ebf9125f-e050-42ef-a3d9-7832875463c0,48,access,1177344932
908301bc-b481-4763-bdc1-e0613dfea34f,17,access,1177353312
2d947b9b-6004-4c74-879a-06a03066414b,18,access,1177390598
f65900c3-4da6-4502-8ddb-baf525e36cbb,47,access,1177394422
692e0065-5d76-43a4-9602-313943d1af3f,8,access,1177430604
f4a863d7-0cc9-40c4-9e0e-2a2a9738a1d4,31,access,1177434976
2cdb79cf-7739-480e-940b-cc11e5258d5b,49,access,1177458373
7657cae9-74d6-4dfc-acc8-d454a76584f9,27,access,1177542375
b8e53faf-bfa5-4054-8ea7-eaa324b6baa6,11,access,1177574660
f92bba8a-6965-4e63-9a79-c613b024532c,7,access,1177588102
02911fd1-a7f1-45e5-a7da-8bcb9482ee70,21,access,1177609181
f4a863d7-0cc9-40c4-9e0e-2a2a9738a1d4,19,access,1177609932
f65900c3-4da6-4502-8ddb-baf525e36cbb,21,access,1177684980
b8e53faf-bfa5-4054-8ea7-eaa324b6baa6,12,access,1177692224
55656cab-601c-48dc-9cc5-2b4598e80e0c,50,access,1177694794
7657cae9-74d6-4dfc-acc8-d454a76584f9,47,access,1177721023
9fa5cdef-87a0-4131-aa45-6b35b0c0308b,12,access,1177736701
1a05340b-5f4c-4d5f-88cf-f10cb04cd51a,26,access,1177737181
18106f41-664a-4092-a0e2-080209f884c6,24,access,1177768387
24362b61-f232-44f6-81dd-1514d577ef64,24,access,1177773756
c332a5b1-7f36-462c-b28c-52237005a6a7,11,access,1177777948
08673198-2c86-4d58-8db7-f290c10fbf75,9,access,1177810636
fe01731b-ad77-4e96-a575-613e2fdab479,15,access,1177855055
d396f9c2-554d-4c95-b26f-8759bbd8bc8a,15,access,1177859835
a1b383b1-d648-41ec-b994-da6de5156da6,44,access,1177865880
19154276-5a70-480d-a269-c097326664ff,33,access,1177875777
eeeb60b5-a7a6-4ac9-b8a7-4da98238c251,6,access,1177969399
